playername,role
ancient,mage
ancient-frozen,mage
ancient-furiou,assassin
ancient-knight,archer
ancient-lucky3,tank
ancient-mystic,mage
ancient-neon3,mage
ancient-phoeni,warrior
ancient-raven7 ##,tank
ancient-shadow,healer
ancient-stealt,mage
ancient.ancien,archer
ancient.brave,mage
ancient.crimso,tank
ancient.falcon,archer
ancient.frozen,warrior
ancient.golden,tank
ancient.wild64,mage
ancient.wizard,warrior
ancient0,tank
ancient1,mage
ancient15,assassin
ancient16,healer
ancient2,archer
ancient22,archer
ancient23,warrior
ancient3,mage
ancient31,warrior
ancient35,assassin
ancient397,warrior
ancient4 ##,mage
ancient46,warrior
ancient48,healer
ancient5,healer
ancient56,warrior
ancient567,archer
ancient6,mage
ancient7,warrior
ancient76,healer
ancient77,tank
ancient8,mage
ancient80,archer
ancient9,assassin
ancient_dark7,healer
ancient_frozen,archer
ancient_ghost1,assassin
ancient_ghost4,assassin
ancient_ghost4!!,tank
ancient_iron20,mage
ancient_reaper,tank
ancient_shadow,tank
ancientarcane3,tank
ancientarrow,archer
ancientbrave,archer
ancientbrave4,warrior
ancientcosmic,healer
ancientcrimson,tank
ancientdragon1,healer
ancientelectri,assassin
ancientfalcon6,healer
ancientfrozen,mage
ancientfurious,assassin
ancientgolden,tank
ancientgolden1  ##,tank
ancientgolden2,healer
ancientgolden4,assassin
ancienthunter,tank
ancientneon,archer
ancientneon30,assassin
ancientninja,archer
ancientphoenix,warrior
ancientrapid0,archer
ancientrapid8,archer
ancientraven,assassin
ancientraven7,mage
ancientreaper,tank
ancientsamurai,healer
ancientshadow,assassin
ancientsilent3,healer
ancientsilver4,archer
ancientspirit7,warrior
ancientstealth,assassin
ancientviper9,archer
ancientwild,mage
ancientwild0,healer
ancientwild3,mage
ancientwizard9,archer
ancientwolf,tank
ancientäöü,healer
arcane,mage
arcane	 ##,archer
arcane-ancient,healer
arcane-arcane,warrior
arcane-golden6 ##,archer
arcane-ninja,mage
arcane-ninja9,healer
arcane-silver4,assassin
arcane.dark53	 ##,mage
arcane.falcon,assassin
arcane.golem0,tank
arcane.shadow2,assassin
arcane.spirit,warrior
arcane0,archer
arcane1,healer
arcane13,tank
arcane2,tank
arcane3,warrior
arcane302,assassin
arcane33,warrior
arcane352,tank
arcane4,mage
arcane5,warrior
arcane52,archer
arcane54,assassin
arcane58,assassin
arcane6,tank
arcane60,tank
arcane6äöü,warrior
arcane7,assassin
arcane8,assassin
arcane85,mage
arcane9,assassin
arcane9  äöü,warrior
arcane907,healer
arcane976,healer
arcane_dark,assassin
arcane_electri,healer
arcane_lucky4,assassin
arcane_rapid85,healer
arcane_samurai,healer
arcaneancient7,warrior
arcaneancient8,mage
arcanearcane,assassin
arcanearcane44,healer
arcanearrow,healer
arcanearrow1,assassin
arcaneblade,mage
arcanebrave20,archer
arcanecosmic,warrior
arcanecrimson3,healer
arcanedark,mage
arcanedragon,warrior
arcaneelectric,warrior
arcanefrozen,healer
arcanefrozen0,tank
arcanefurious,assassin
arcanegolden7,tank
arcanehunter,warrior
arcaneiron,archer
arcaneiron4,mage
arcaneiron760,healer
arcaneknight54,assassin
arcanemystic,healer
arcanemystic6,mage
arcanemystic7!!,healer
arcaneneon,assassin
arcaneneon5,mage
arcaneninja8,tank
arcanephoenix,mage
arcanephoenix9,archer
arcanerapid,warrior
arcanerapid9,archer
arcanereaper,archer
arcanesamurai,warrior
arcaneshadow,mage
arcaneshadow33,warrior
arcanesilent,healer
arcanesilver,archer
arcanesilver8,healer
arcanetiger,tank
arcaneviper3,warrior
arcanewarden8,tank
arcanewild1,healer
arcanewild4,archer
arcanewolf0,mage
arrow,archer
arrow äöü,assassin
arrow-brave,mage
arrow-knight,assassin
arrow-mystic,warrior
arrow-ninja1,healer
arrow-silent!!,warrior
arrow-silent54,mage
arrow-stealth6,healer
arrow-storm,archer
arrow-wild,tank
arrow.arcane8,tank
arrow.dragon,mage
arrow.hunter5,assassin
arrow.stealth,healer
arrow.tiger41,archer
arrow0,warrior
arrow1,tank
arrow2,archer
arrow3,healer
arrow34,warrior
arrow369,warrior
arrow4,archer
arrow5,archer
arrow601,warrior
arrow665,tank
arrow7,healer
arrow74,archer
arrow8,healer
arrow87,warrior
arrow9,warrior
arrow966,assassin
arrow_arcane6,mage
arrow_furious,assassin
arrow_wild,mage
arrowarcane,mage
arrowarcane28,assassin
arrowcosmic9,warrior
arrowcrimson,mage
arrowdark2,archer
arrowdark9,assassin
arrowelectric,assassin
arrowfurious,assassin
arrowghost5,warrior
arrowlucky1,healer
arrowmystic,warrior
arrowneon,assassin
arrowninja,warrior
arrowsamurai5,healer
arrowshadow,tank
arrowshadow3,mage
arrowshadow4,healer
arrowspirit,archer
arrowstealth96,tank
arrowtiger3,tank
arrowwarden45,healer
arrowwarden7,warrior
arrowwild84,archer
arrowwolf,tank
arrowwolf9,archer
blade,healer
blade-arcane,mage
blade-crimson,healer
blade-silver49,healer
blade-tiger1,warrior
blade-wild,assassin
blade-wolf,archer
blade.cosmic1,healer
blade.lucky,archer
blade.shadow2,assassin
blade0,warrior
blade1,healer
blade24,healer
blade3,mage
blade335,archer
blade4,archer
blade6,mage
blade7,healer
blade718,mage
blade8,warrior
blade81,tank
blade94,warrior
blade_ancient,assassin
blade_blade915,healer
blade_frozen39,archer
blade_knight7,mage
blade_mystic,archer
blade_phoenix,healer
blade_rapid,warrior
blade_silver3,healer
blade_tiger,warrior
blade_wild32,healer
bladeancient,mage
bladearcane4,archer
bladearcane48,archer
bladeblade9,healer
bladebrave,mage
bladebrave38,assassin
bladecosmic9,warrior
bladedark,tank
bladedark0,mage
bladedragon,archer
bladeelectric,mage
bladefalcon72,healer
bladefrozen,mage
bladefrozen!!,archer
bladefrozen5,healer
bladefurious,assassin
bladefurious3,healer
bladefurious7,healer
bladeghost,tank
bladegolden0,mage
bladegolem,archer
bladehunter,assassin
bladehunter2,tank
bladeiron,archer
bladelucky,archer
bladelucky17,archer
bladelucky6,assassin
bladeneon,archer
bladeneon97,warrior
bladerapid,tank
bladerapid4,tank
bladerapid495,tank
bladeraven,tank
bladesamurai7,warrior
bladesilver,archer
bladespirit553,archer
bladestealth8,archer
bladestorm,tank
brave,assassin
brave ##,warrior
brave-cosmic,healer
brave-dark52,tank
brave-furious,assassin
brave-furious1,tank
brave-hunter7,healer
brave-iron0,mage
brave-shadow,archer
brave-silent8,assassin
brave-silver85,healer
brave-wild,warrior
brave.brave,warrior
brave.cosmic,archer
brave.golden3,tank
brave.iron,mage
brave.rapid,warrior
brave.raven4,mage
brave.silent,mage
brave.silent5,mage
brave.spirit,warrior
brave.viper,mage
brave.wild,tank
brave.wolf,archer
brave0,healer
brave1,archer
brave2,warrior
brave21,warrior
brave26,healer
brave3,assassin
brave32,healer
brave33,assassin
brave4,mage
brave5,healer
brave52,warrior
brave59,healer
brave6,tank
brave601,warrior
brave7,warrior
brave8,assassin
brave81,healer
brave9,archer
brave917,warrior
brave9äöü,tank
brave_golden4,mage
brave_golden7,assassin
brave_golem,archer
brave_lucky745,warrior
brave_neon,tank
brave_tiger,tank
brave_tiger6,mage
brave_viper,mage
brave_wild1,tank
brave_wizard,warrior
bravearcane,warrior
bravearcane1,healer
bravearcane2,tank
bravearrow,assassin
braveblade,healer
bravebrave,healer
bravecosmic0,assassin
bravecrimson,assassin
bravedark6,tank
bravedragon,warrior
bravefalcon,archer
bravefalcon9,assassin
bravefrozen,archer
braveghost,assassin
braveghost2,archer
braveghost6äöü,tank
bravegolden,healer
braveiron113,assassin
braveiron2,assassin
braveiron7,assassin
braveiron8,tank
bravemystic,tank
bravemystic15,healer
braveneon,healer
braveninja0,assassin
braveninja7,healer
bravephoenix,tank
bravephoenix ##,assassin
bravephoenix5,healer
bravephoenix67,warrior
braverapid,mage
braverapid2,archer
braveraven7,warrior
bravereaper7,archer
bravesamurai,mage
braveshadow,mage
braveshadow88,warrior
bravesilent,mage
bravesilent0,archer
bravesilver7,mage
bravesilver8,archer
bravespirit2,tank
bravestealth,healer
bravestealth86,healer
bravetiger,mage
bravetiger7,assassin
braveviper,tank
braveviper67,archer
bravewarden,assassin
bravewizard,mage
cosmic,tank
cosmic-frozen,warrior
cosmic-furious,tank
cosmic-golden9,tank
cosmic-silent,warrior
cosmic.ancient,mage
cosmic.brave54,tank
cosmic.dragon,healer
cosmic.frozen5,archer
cosmic.golden,warrior
cosmic.samurai,mage
cosmic.stealth,warrior
cosmic.wolf,tank
cosmic0,mage
cosmic1,tank
cosmic16,tank
cosmic18,mage
cosmic2,tank
cosmic230,assassin
cosmic287,warrior
cosmic3,assassin
cosmic4,archer
cosmic40,warrior
cosmic420,archer
cosmic423,assassin
cosmic44,archer
cosmic46,healer
cosmic47,warrior
cosmic5,archer
cosmic669,mage
cosmic68,healer
cosmic693,assassin
cosmic7,assassin
cosmic703,healer
cosmic76,tank
cosmic8,assassin
cosmic9,mage
cosmic90,healer
cosmic_arrow8,assassin
cosmic_cosmic,tank
cosmic_electri,assassin
cosmic_ghost84,assassin
cosmic_lucky,archer
cosmic_rapid,assassin
cosmic_samurai,assassin
cosmic_shadow,healer
cosmic_shadow9,assassin
cosmic_silent,assassin
cosmic_spirit,healer
cosmic_tiger,healer
cosmicancient,warrior
cosmicancient7,mage
cosmicarcane,archer
cosmicarcane0,warrior
cosmicarrow4,archer
cosmicblade,tank
cosmiccosmic4,tank
cosmiccrimson,warrior
cosmicdark,assassin
cosmicdragon,warrior
cosmicdragon37,tank
cosmicelectric,tank
cosmicfalcon1,archer
cosmicfrozen,tank
cosmicfrozen62,warrior
cosmicfurious,healer
cosmicghost,archer
cosmicgolden7,archer
cosmicgolem,archer
cosmicgolem0,warrior
cosmichunter6,healer
cosmiciron3,mage
cosmiciron76,healer
cosmicknight,tank
cosmicmystic,assassin
cosmicmystic1,tank
cosmicneon9,tank
cosmicninja,healer
cosmicninja2,mage
cosmicphoenix,healer
cosmicrapid,healer
cosmicraven,warrior
cosmicraven8,assassin
cosmicsamurai,mage
cosmicsamurai7,healer
cosmicshadow,mage
cosmicshadow7,healer
cosmicsilent,assassin
cosmicsilver,tank
cosmicsilver  ##,warrior
cosmicsilver4,mage
cosmicspirit,warrior
cosmicspirit22,tank
cosmicspirit8,assassin
cosmicstealth,warrior
cosmicstorm,healer
cosmictiger4,assassin
cosmicviper,warrior
cosmicviper2,archer
cosmicwarden,healer
cosmicwild,mage
cosmicwild0,archer
cosmicwild280,assassin
cosmicwild7,archer
cosmicwizard0,tank
cosmicwizard1,archer
crimson,tank
crimson!!,healer
crimson-ghost7,mage
crimson-golem5,mage
crimson-warden,archer
crimson-wild34,assassin
crimson.dragon,archer
crimson.electr,tank
crimson.golden,warrior
crimson.hunter,healer
crimson.iron,healer
crimson.ninja,mage
crimson0,tank
crimson1,tank
crimson14,tank
crimson2,assassin
crimson24,mage
crimson3,healer
crimson34,assassin
crimson4,mage
crimson42,mage
crimson463,tank
crimson5,assassin
crimson5 ##,archer
crimson6,archer
crimson607,mage
crimson67,assassin
crimson7,assassin
crimson701,healer
crimson71,warrior
crimson735,archer
crimson755,tank
crimson79,mage
crimson8,mage
crimson804,assassin
crimson86,assassin
crimson9,tank
crimson_brave,warrior
crimson_cosmic,healer
crimson_dragon,assassin
crimson_golden,archer
crimson_golem,mage
crimson_iron24,archer
crimson_lucky,healer
crimson_mystic,warrior
crimson_warden,warrior
crimson_wolf75,archer
crimsonancient,mage
crimsonarcane,mage
crimsonblade,assassin
crimsonblade3,archer
crimsonblade7,tank
crimsonbrave,warrior
crimsoncosmic,assassin
crimsondragon0,tank
crimsonelectri,warrior
crimsonfalcon3,tank
crimsonfalcon5,healer
crimsonfrozen,mage
crimsonfrozen1,tank
crimsonghost23,tank
crimsongolden,assassin
crimsongolden5,warrior
crimsongolden6,mage
crimsonhunter,healer
crimsonhunter7,healer
crimsonlucky,archer
crimsonlucky9,archer
crimsonmystic,healer
crimsonmystic0,mage
crimsonneon,tank
crimsonphoenix,assassin
crimsonrapid4,archer
crimsonraven79,tank
crimsonsamurai,healer
crimsonshadow,warrior
crimsonshadow6 äöü,assassin
crimsonsilent5,healer
crimsonspirit6,assassin
crimsonspirit7,warrior
crimsonstealth,archer
crimsonstorm7,tank
crimsonstorm8,assassin
crimsontiger3	äöü,warrior
crimsontiger44,assassin
crimsontiger8,warrior
crimsonviper,tank
crimsonwarden6,assassin
crimsonwizard,assassin
crimsonwizard1,assassin
crimsonwizard5,mage
crimsonwizard6,warrior
crimsonwolf,mage
dark,tank
dark-brave,assassin
dark-furious,archer
dark-iron7,assassin
dark-knight,healer
dark-knight78,healer
dark-lucky,archer
dark-mystic,tank
dark-ninja27,assassin
dark-rapid,archer
dark-wild40,assassin
dark.arrow521,tank
dark.ghost,healer
dark.golden44 ##,healer
dark.hunter,assassin
dark.hunter0,warrior
dark.hunter861,archer
dark.iron9,healer
dark.lucky3,healer
dark.neon,archer
dark0,healer
dark1,mage
dark16,tank
dark163,mage
dark1äöü,warrior
dark2,healer
dark258,warrior
dark3,warrior
dark33,mage
dark35,assassin
dark4,archer
dark428,mage
dark44,tank
dark48,mage
dark5,tank
dark52,healer
dark576,tank
dark6,mage
dark62,tank
dark672,assassin
dark69,mage
dark7,tank
dark8,archer
dark80,archer
dark801,mage
dark81,archer
dark865,mage
dark9,assassin
dark99,assassin
dark_arcane,archer
dark_frozen,healer
dark_golem,mage
dark_hunter73,mage
dark_wild,archer
darkancient1,mage
darkancient3,healer
darkarcane,warrior
darkarcane96,healer
darkblade8,archer
darkbrave0,warrior
darkcosmic,mage
darkcrimson7,assassin
darkdragon,archer
darkfrozen8,tank
darkfurious1,assassin
darkfurious2,warrior
darkfurious69,tank
darkgolden2,archer
darkhunter7äöü,tank
darkiron3,tank
darkiron50,tank
darkknight5,warrior
darklucky0,mage
darkmystic,archer
darkmystic5,healer
darkneon6,archer
darkninja,archer
darkphoenix,assassin
darkreaper,assassin
darksilent799,mage
darksilver,healer
darkspirit,mage
darkspirit1,assassin
darkspirit177,tank
darkspirit46,assassin
darkstealth,archer
darkstealth8,assassin
darkstorm5,healer
darkstorm77,warrior
darkviper6,assassin
darkwarden1,tank
darkwarden2,assassin
darkwarden564,tank
darkwild,assassin
darkwild0,healer
darkwild297,healer
darkwizard2äöü,mage
darkwizard5,assassin
darkäöü,archer
dragon,warrior
dragon-ancient,archer
dragon-dragon8,mage
dragon-rapid,healer
dragon-reaper,mage
dragon-silver	 ##,warrior
dragon-wild9,mage
dragon.brave3,mage
dragon.iron5,mage
dragon.neon,archer
dragon.neon9,tank
dragon.samurai,warrior
dragon.storm63,healer
dragon.tiger3,warrior
dragon.viper1,warrior
dragon.viper79,assassin
dragon0,warrior
dragon1,healer
dragon12,assassin
dragon2,healer
dragon26,assassin
dragon3,healer
dragon361,warrior
dragon4,mage
dragon430,warrior
dragon5,warrior
dragon50,healer
dragon55,mage
dragon6,archer
dragon7,tank
dragon8,assassin
dragon_rapid,tank
dragon_wolf9,assassin
dragonancient,tank
dragonarrow6,tank
dragonblade,mage
dragoncrimson,healer
dragoncrimson8,assassin
dragondark,tank
dragondark495,warrior
dragondark56,archer
dragondark88,archer
dragonfalcon,tank
dragonfrozen,archer
dragonfrozen1,archer
dragonfurious,archer
dragongolden,tank
dragongolem,archer
dragoniron,archer
dragonlucky4,tank
dragonmystic,tank
dragonmystic0,mage
dragonneon2,mage
dragonrapid976,assassin
dragonraven4,warrior
dragonraven5,archer
dragonraven8,mage
dragonsamurai,mage
dragonsilent5,healer
dragonsilver2,assassin
dragonsilver8,healer
dragonstealth4,assassin
dragonstealth4äöü,tank
dragontiger3,mage
dragonviper7,healer
dragonwild,tank
dragonwizard,healer
electric,tank
electric ##,healer
electric!!,tank
electric-crims,healer
electric-dark,warrior
electric-dark5,archer
electric-falco,healer
electric-golde,assassin
electric-rapid,mage
electric-samur,assassin
electric-spiri,assassin
electric-wild3,archer
electric.ancie,mage
electric.blade,mage
electric.dark,assassin
electric.dark4,assassin
electric.dark7,warrior
electric.golde,assassin
electric.iron9,assassin
electric.neon,archer
electric.samur,archer
electric.silve,tank
electric.steal,healer
electric0,warrior
electric1,warrior
electric10,healer
electric11,assassin
electric14,tank
electric161,mage
electric18,healer
electric2,tank
electric209,archer
electric22,mage
electric27,healer
electric3,assassin
electric3 ##,tank
electric35,archer
electric38,tank
electric4,mage
electric5,healer
electric530,mage
electric54,healer
electric59,assassin
electric6,mage
electric7,mage
electric8,tank
electric9,healer
electric9äöü,warrior
electric_elect,tank
electric_knigh,assassin
electric_neon9,assassin
electric_silen,assassin
electric_viper,assassin
electricarrow2,mage
electricarrow3,assassin
electricarrow6,warrior
electriccosmic,healer
electricdark,mage
electricdark9,tank
electricdragon,healer
electricelectr,assassin
electricfalcon,warrior
electricfrozen,archer
electricghost,warrior
electricgolden,mage
electricgolem,warrior
electricgolem9,archer
electricknight,archer
electriclucky9,warrior
electricrapid,archer
electricrapid7,assassin
electricsamura,warrior
electricshadow,archer
electricsilent,archer
electricsilver,archer
electricspirit,healer
electricstealt,assassin
electricstorm,archer
electrictiger4,healer
electricviper,healer
electricwild,healer
electricwolf2,healer
electricäöü,healer
falcon,healer
falcon ##,mage
falcon-blade71,archer
falcon-cosmic,warrior
falcon-cosmic6,tank
falcon-ghost3,warrior
falcon-wolf9,mage
falcon.cosmic0,assassin
falcon.dark,healer
falcon.raven,healer
falcon0,tank
falcon13,warrior
falcon16,tank
falcon2,tank
falcon3,healer
falcon375,archer
falcon5,archer
falcon6,healer
falcon605,healer
falcon638,healer
falcon7,archer
falcon752,tank
falcon8,assassin
falcon9,mage
falcon962,healer
falcon_arcane2,archer
falcon_ninja8,warrior
falcon_silent,healer
falcon_wild,archer
falcon_wizard,assassin
falconancient6,tank
falconarrow,warrior
falconblade29,mage
falconcosmic76,archer
falconcosmicäöü,warrior
falconcrimson3,healer
falconcrimson5,archer
falcondark,archer
falcondark7,tank
falcondragon,warrior
falconfrozen,tank
falconghost48,warrior
falcongolem,mage
falcongolem40,tank
falcongolem48,warrior
falconhunter5,healer
falconiron7,healer
falconknight5,warrior
falconlucky,healer
falconlucky0,healer
falconneon,assassin
falconneon3,archer
falconninja7,healer
falconphoenix,archer
falconrapid,healer
falconraven,warrior
falconreaper8,tank
falconshadow5,assassin
falconsilent,healer
falconsilver42,mage
falconsilver6,assassin
falconspirit,healer
falconstealth7äöü,healer
falcontiger9,tank
falconviper,warrior
falconwarden8,archer
falconwild574,assassin
frozen,healer
frozen!!,warrior
frozen-ancient,archer
frozen-crimson,healer
frozen-golem,warrior
frozen-silent,healer
frozen-stealth,archer
frozen-tiger,tank
frozen-viper96,healer
frozen-wild2,archer
frozen.arcane,mage
frozen.arrow,mage
frozen.blade15,tank
frozen.cosmic8,mage
frozen.ghost,assassin
frozen.golden,warrior
frozen.knight9,mage
frozen.rapid7,mage
frozen.reaper,mage
frozen.samurai,assassin
frozen.stealth,mage
frozen.warden,tank
frozen0,archer
frozen1,mage
frozen173,mage
frozen183,warrior
frozen19,mage
frozen2,tank
frozen23,archer
frozen3,tank
frozen307,assassin
frozen33,mage
frozen36,assassin
frozen4,assassin
frozen442,mage
frozen5,archer
frozen5 ##,archer
frozen51,mage
frozen518,assassin
frozen56,healer
frozen6,mage
frozen63,healer
frozen7,archer
frozen72,healer
frozen8,mage
frozen803,tank
frozen824,warrior
frozen9,warrior
frozen914,archer
frozen940,archer
frozen_blade9,assassin
frozen_brave9,mage
frozen_furious,archer
frozen_spirit8,mage
frozen_tiger,warrior
frozen_viper7  äöü,mage
frozen_wolf,assassin
frozen_wolf8,healer
frozenancient,assassin
frozenancient3,mage
frozenancient9,healer
frozenarrow28,mage
frozenblade76,warrior
frozenbrave,archer
frozencosmic,mage
frozencrimson,assassin
frozendark,healer
frozendragon ##,archer
frozenelectric,assassin
frozenfalcon,tank
frozenfrozen15,warrior
frozenfrozen54,warrior
frozenfrozen60,assassin
frozenfrozen9,assassin
frozenfurious,warrior
frozengolden2,assassin
frozengolden5,mage
frozengolden7,archer
frozengolem7,archer
frozenhunter4,healer
frozeniron5,archer
frozenlucky3,healer
frozenmystic,tank
frozenmystic1,healer
frozenmystic4,warrior
frozenmystic42,mage
frozenneon,assassin
frozenneon7,assassin
frozenninja,tank
frozenninja ##,healer
frozenphoenix1,tank
frozenrapid,healer
frozenraven9,warrior
frozenreaper,archer
frozenreaper4,warrior
frozenreaper8,healer
frozensamurai2,tank
frozensamurai8,archer
frozenshadow62,assassin
frozenshadow8,archer
frozensilent,warrior
frozensilent6,tank
frozenstealth,assassin
frozenstealth3,mage
frozenstorm,warrior
frozentiger,warrior
frozentiger5,healer
frozentiger519,warrior
frozenwarden3,tank
frozenwarden59,mage
frozenwild,tank
frozenwild2,mage
frozenwild74,tank
frozenwizard,tank
frozenwolf,mage
furious,healer
furious	!!,archer
furious ##,healer
furious-frozen,mage
furious-lucky,tank
furious-mystic,healer
furious-phoeni,mage
furious-rapid,archer
furious-tiger,warrior
furious-wild,healer
furious.blade1,assassin
furious.ghost,tank
furious.golem3,warrior
furious.iron,archer
furious.knight,assassin
furious.wizard,archer
furious0,archer
furious1,mage
furious14,tank
furious2,assassin
furious3,tank
furious46,healer
furious5,archer
furious545,assassin
furious6,tank
furious63,mage
furious652,assassin
furious798,mage
furious8,assassin
furious84,tank
furious88,tank
furious9,mage
furious91,healer
furious_cosmic,healer
furious_electr,mage
furious_golden ##,warrior
furious_knight,healer
furious_mystic,archer
furious_rapid,archer
furious_reaper,tank
furious_silver,assassin
furious_storm,archer
furiousarcane,mage
furiousarrow,tank
furiousarrow43,assassin
furiouscosmic1,assassin
furiousdark0,tank
furiousdragon,archer
furiousdragon8,mage
furiouselectri,mage
furiouselectriäöü,healer
furiousfalcon4,archer
furiousfrozen,assassin
furiousfurious,healer
furiousghost,archer
furioushunter7,healer
furioushunter8,healer
furiousknight6,archer
furiousmystic6,assassin
furiousmystic9,healer
furiousneon218,assassin
furiousninja,mage
furiousrapid0,healer
furiousrapid6,assassin
furiousraven,archer
furiousreaper,healer
furioussamurai,assassin
furiousshadow9,archer
furioussilent3,warrior
furioussilent7,assassin
furioussilver,warrior
furiousstealth,tank
furiousstorm,archer
furioustiger,mage
furiousviper3,assassin
furiouswarden,warrior
furiouswild395,archer
ghost,archer
ghost ##,archer
ghost-brave,archer
ghost-frozen,archer
ghost-ghost63,warrior
ghost-silent,tank
ghost.dragon4,warrior
ghost.frozen59,assassin
ghost.ghost48,healer
ghost.neon1,warrior
ghost0,warrior
ghost1,assassin
ghost3,mage
ghost4,healer
ghost403,archer
ghost5,archer
ghost6,mage
ghost7,archer
ghost8,tank
ghost9,mage
ghost_furious,healer
ghost_ninja0,tank
ghost_shadow87 ##,archer
ghost_tiger5,warrior
ghostancient2,assassin
ghostarcane,warrior
ghostarcane0,tank
ghostarcane673,assassin
ghostblade	äöü,warrior
ghostcosmic6,archer
ghostcrimson,warrior
ghostdragon,archer
ghostelectric,mage
ghostelectric2,archer
ghostfalcon4,mage
ghostfurious,healer
ghostfurious1,archer
ghostghost89,warrior
ghostgolem36,archer
ghostiron8,assassin
ghostknight,assassin
ghostlucky887,archer
ghostmystic,healer
ghostneon,mage
ghostphoenix,healer
ghostrapid,archer
ghostreaper,healer
ghostsamurai,healer
ghostshadow4,archer
ghostsilent,warrior
ghoststorm,assassin
ghoststorm2,healer
ghostviper9,warrior
ghostwarden,assassin
ghostwild,healer
ghostwild1,mage
ghostwild4,healer
ghostwizard2,assassin
ghostwolf7,tank
golden,archer
golden!!,warrior
golden-cosmic,assassin
golden-furious,mage
golden-ghost80,assassin
golden-hunter,healer
golden-lucky,tank
golden.arcane,tank
golden.blade,archer
golden.cosmic,warrior
golden.ghost,assassin
golden.iron,warrior
golden.knight5,assassin
golden.raven2,assassin
golden.silver,assassin
golden0,mage
golden1,mage
golden19,mage
golden2,tank
golden233,archer
golden236,warrior
golden26,tank
golden3,mage
golden33,archer
golden4,archer
golden412,healer
golden46,mage
golden496,assassin
golden5,mage
golden6,healer
golden60,archer
golden7,mage
golden72,tank
golden8,mage
golden87,archer
golden883,archer
golden9,warrior
golden91,healer
golden99,archer
golden_cosmic4,healer
golden_cosmic5,tank
golden_ghost9,tank
golden_golem9,warrior
golden_mystic ##,assassin
golden_neon,tank
golden_neon4,tank
golden_shadow,archer
golden_silver,archer
goldenancient,archer
goldenancient5,archer
goldenarcane,healer
goldenarcane6,assassin
goldendark,mage
goldendark4,healer
goldendragon,archer
goldendragon6,assassin
goldendragon8,mage
goldenelectric,tank
goldenfalcon,warrior
goldenfalcon2,assassin
goldenfrozen8,archer
goldenfrozen88,healer
goldenfurious0,archer
goldenghost4,healer
goldengolem,archer
goldenhunter6,archer
goldenhunter7,tank
goldenlucky,assassin
goldenmystic,assassin
goldenmystic7äöü,archer
goldenneon,assassin
goldenneon6,archer
goldenneon757,warrior
goldenrapid,warrior
goldenrapid2,tank
goldenrapid3,assassin
goldenrapid9,tank
goldenreaper,mage
goldenreaper93äöü,mage
goldenshadow,healer
goldensilent13,mage
goldensilver,tank
goldentiger,healer
goldentiger39,tank
goldenviper18,assassin
goldenviper2,assassin
goldenwarden,archer
goldenwild,archer
goldenwild3,archer
goldenwild4,assassin
goldenwild72,archer
goldenwizard,tank
goldenwizard77,warrior
goldenwolf,archer
goldenäöü,warrior
golem,tank
golem äöü,warrior
golem-furious,assassin
golem-rapid16,archer
golem-shadow23,tank
golem-wild,assassin
golem-wild35,tank
golem-wizard2,assassin
golem.lucky96,tank
golem.raven,mage
golem.samurai8,tank
golem.warden,mage
golem0,healer
golem1,tank
golem2!!,mage
golem3,mage
golem4,warrior
golem5,healer
golem6,tank
golem7,assassin
golem73,healer
golem74,healer
golem8,tank
golem_crimson,healer
golem_electric,tank
golem_neon,tank
golem_shadow3,tank
golem_viper7,archer
golemarcane,warrior
golemarrow6,tank
golemblade1,healer
golemcosmic,tank
golemcosmic3,assassin
golemcosmic813,assassin
golemcrimson54,tank
golemcrimson7,warrior
golemdark1,mage
golemdark2,warrior
golemdark3,warrior
golemdragon57,warrior
golemfalcon3,warrior
golemfrozen,warrior
golemfurious,warrior
golemfurious5,tank
golemghost,archer
golemgolden,healer
golemgolden0,assassin
golemgolem6,tank
golemiron57,assassin
golemiron7,archer
golemknight7,healer
golemlucky,warrior
golemlucky1,tank
golemlucky763,assassin
golemneon,healer
golemneon1,assassin
golemphoenix,mage
golemrapid18,warrior
golemreaper7,tank
golemsamurai,warrior
golemsilent6,tank
golemstealth,healer
golemviper,warrior
golemwarden,healer
golemwild,warrior
golemwizard477,assassin
hunter,tank
hunter-arrow6,healer
hunter-falcon,assassin
hunter-furious,warrior
hunter-reaper,healer
hunter-samurai,warrior
hunter-viper3,healer
hunter.arrow,archer
hunter.neon52,healer
hunter.ninja,assassin
hunter.samurai,archer
hunter.stealth,healer
hunter0,mage
hunter1,archer
hunter14,archer
hunter2,healer
hunter3,assassin
hunter5,warrior
hunter6,archer
hunter7,archer
hunter8,archer
hunter9,assassin
hunter97,archer
hunter_electri,assassin
hunter_phoenix,tank
hunter_shadow1,archer
hunter_silent,assassin
hunterancient,archer
hunterarcane46,warrior
hunterblade79,healer
hunterblade8,archer
hunterbrave,tank
huntercosmic4,mage
huntercrimson,mage
hunterdark ##,mage
hunterdark11,archer
hunterdark7,tank
hunterdragon,assassin
hunterdragon4,warrior
hunterfalcon,warrior
hunterfrozen,tank
hunterfrozen41,warrior
hunterfurious,warrior
huntergolden,warrior
huntergolden95,healer
hunterhunter,warrior
hunterhunter0,healer
hunteriron,warrior
hunteriron0,tank
huntermystic,mage
hunterrapid3,assassin
hunterraven0,assassin
hunterreaper,mage
huntershadow,warrior
huntersilent0,tank
huntersilent14,archer
huntersilver56,archer
hunterstealth4,healer
hunterstorm68,healer
hunterwild5,assassin
hunterwizard,archer
hunterwolf,tank
iron,tank
iron ##,warrior
iron-dark4,mage
iron-raven96,archer
iron-shadow9,warrior
iron-silent997,assassin
iron-warden23,assassin
iron-wild67,archer
iron.ninja42 ##,assassin
iron.rapid,warrior
iron.samurai9,warrior
iron.shadow,archer
iron.spirit,tank
iron.wizard,warrior
iron0,healer
iron2,assassin
iron28,tank
iron3,healer
iron357!!,mage
iron44,archer
iron453,archer
iron5,warrior
iron502,healer
iron53,mage
iron59,archer
iron6,warrior
iron62,assassin
iron7,assassin
iron76,tank
iron8,assassin
iron873,warrior
iron896,tank
iron9,tank
iron962,healer
iron99,healer
iron_iron8,tank
iron_silver,mage
iron_stealth,assassin
iron_wolf,healer
ironarcane7,warrior
ironarcane8,tank
ironarrow,archer
ironblade,mage
ironblade61,healer
ironcosmic,tank
ironcrimson,mage
ironcrimson2,warrior
irondragon,assassin
ironelectric,mage
ironelectric0,assassin
ironfalcon,warrior
ironfurious,tank
ironfuriousäöü,mage
irongolden,warrior
ironhunter8,assassin
ironiron,warrior
ironiron4,healer
ironlucky,mage
ironlucky ##,archer
ironlucky8,tank
ironmystic1,tank
ironmystic24,mage
ironmystic9,healer
ironneon5,assassin
ironrapid,tank
ironrapid1,archer
ironraven45,tank
ironshadow,assassin
ironsilent,archer
ironsilent47,warrior
ironsilver,healer
ironsilver7,tank
ironstealth0,healer
ironstorm994 ##,tank
irontiger,archer
irontiger3,healer
ironviper,tank
ironviper587,mage
ironwarden,tank
ironwild,healer
ironwild995,mage
ironwizard,assassin
ironwizard2,warrior
ironwizard4,mage
ironwolf,warrior
ironwolf8,archer
ironäöü,tank
knight,warrior
knight!!,mage
knight-arcane7,healer
knight-cosmic,archer
knight-electri,archer
knight-frozen8,healer
knight-golden1,healer
knight-neon,healer
knight-rapid47,warrior
knight-silent	äöü,assassin
knight-stealth,tank
knight.electri,mage
knight.hunter9,archer
knight.neon,assassin
knight.reaper,healer
knight.shadow7,mage
knight0,tank
knight1,healer
knight1 ##,healer
knight10,healer
knight14,assassin
knight2,tank
knight28,mage
knight29,warrior
knight3,assassin
knight4,archer
knight5,archer
knight540,warrior
knight6,assassin
knight60,warrior
knight63,mage
knight64,warrior
knight659,archer
knight7,warrior
knight765,warrior
knight8,warrior
knight86,tank
knight87,warrior
knight_ancient,assassin
knight_dragon,mage
knight_frozen6,warrior
knight_knight1,assassin
knight_neon,warrior
knightancient,tank
knightancient4,archer
knightarrow,mage
knightarrow0,archer
knightarrow4,mage
knightbrave929,tank
knightcrimson5,warrior
knightdark,assassin
knightelectric,healer
knightfurious,mage
knightfurious0,assassin
knightfurious9,healer
knightgolden,assassin
knightgolden7,archer
knightgolden8,tank
knighthunter,mage
knighthunter2,warrior
knighthunter7,assassin
knightiron4,tank
knightiron5,mage
knightneon,healer
knightninja,tank
knightphoenix,healer
knightrapid,warrior
knightreaper2,assassin
knightshadow,tank
knightsilver,tank
knightstealth,archer
knightstealth4,assassin
knighttiger,mage
knighttiger28,healer
knightwild2,mage
knightwild4,mage
knightwizard,tank
lucky,tank
lucky-arcane,healer
lucky-brave,assassin
lucky-crimson,tank
lucky-hunter0,assassin
lucky-neon6,healer
lucky-raven6,warrior
lucky-reaper8,healer
lucky.arrow250,tank
lucky.electric ##,mage
lucky.frozen,mage
lucky.golden,mage
lucky.golem,healer
lucky.neon4,assassin
lucky.ninja,assassin
lucky.rapid,tank
lucky.silent,warrior
lucky0,archer
lucky1,healer
lucky153,mage
lucky17,assassin
lucky17 ##,warrior
lucky2,warrior
lucky3,assassin
lucky32,mage
lucky4,warrior
lucky45,healer
lucky48,assassin
lucky5,tank
lucky6,assassin
lucky7,assassin
lucky8,assassin
lucky9,warrior
lucky_arcane,archer
lucky_blade2,archer
lucky_brave,assassin
lucky_electric,mage
lucky_falcon9,mage
lucky_golden51,healer
lucky_ninja5,warrior
lucky_storm3,assassin
luckyancient95,assassin
luckybrave2,tank
luckybrave9,tank
luckycosmic7,assassin
luckydark,tank
luckydark  äöü,assassin
luckyelectric,healer
luckyelectric0,assassin
luckyelectric1,mage
luckyelectric6,mage
luckyfrozen,mage
luckyfurious,archer
luckyghost,archer
luckygolden,assassin
luckyhunteräöü,archer
luckyknight,healer
luckylucky,tank
luckylucky1,healer
luckyneon,tank
luckyneon1,mage
luckyrapid,healer
luckyraven4,assassin
luckyreaper381,warrior
luckyreaper9,archer
luckysamurai5,tank
luckysamurai8,assassin
luckysilver,assassin
luckysilver5,healer
luckyspirit,mage
luckystealth,warrior
luckystealth1,tank
luckystorm1,archer
luckystorm234,mage
luckyviper751,tank
luckywild85,archer
luckywizard603,assassin
mystic,archer
mystic-dark9,healer
mystic-knight,assassin
mystic-spirit,mage
mystic-wild,healer
mystic.dark,assassin
mystic.falcon5,warrior
mystic.golem50,archer
mystic.mystic4,tank
mystic.silent,healer
mystic0,assassin
mystic1,assassin
mystic2,tank
mystic237   äöü,mage
mystic242,healer
mystic263,warrior
mystic3,warrior
mystic36,mage
mystic4,assassin
mystic503,archer
mystic6,tank
mystic7,tank
mystic8,mage
mystic_ancient,mage
mystic_crimson,healer
mystic_dark,healer
mystic_ghost,healer
mystic_hunter,assassin
mystic_silver,warrior
mystic_viper,mage
mysticancient4,warrior
mysticancient8,archer
mysticarcane3,archer
mysticarrow,tank
mysticarrow!!,mage
mysticbrave,mage
mysticcosmic,mage
mysticdark	äöü,tank
mysticdark0,mage
mysticdragon,assassin
mysticdragon15,healer
mysticdragon74,archer
mysticdragon86,mage
mysticelectric,archer
mysticfalcon,healer
mysticfurious,archer
mysticfurious3,assassin
mysticgolden,mage
mysticgolden30,archer
mysticiron5,assassin
mysticmystic,tank
mysticmystic3,assassin
mysticmystic9,mage
mysticneon,mage
mysticninja0,mage
mysticrapid3,assassin
mysticreaper,mage
mysticreaper3,mage
mysticsamurai,tank
mysticsamurai0,healer
mysticsamurai3,tank
mysticshadow,assassin
mysticsilent,mage
mysticsilent17,healer
mysticsilent9,tank
mysticsilver,assassin
mysticspirit,assassin
mysticstealth5,tank
mysticwild0,archer
mysticwild2,archer
mysticäöü,mage
neon,archer
"neon
 ##",archer
neon ##,assassin
neon-brave,assassin
neon-dark,warrior
neon-dark3,tank
neon-phoenix,mage
neon-spirit34,assassin
neon-tiger9,tank
neon-wizard9,mage
neon.ghost32,mage
neon.golden,archer
neon.golem,archer
neon.hunter0,tank
neon.knight,archer
neon.knight826,assassin
neon.mystic4,healer
neon.samurai,tank
neon0,archer
neon1,archer
neon10,archer
neon173,archer
neon2,archer
neon235,mage
neon3,archer
neon37,archer
neon38,warrior
neon386,assassin
neon4,warrior
neon5,assassin
neon501,healer
neon6,healer
neon60,mage
neon62,assassin
neon7,warrior
neon74,warrior
neon8,healer
neon80,healer
neon807,tank
neon85,assassin
neon9,tank
neon90,assassin
neon_arcane,assassin
neon_blade3,archer
neon_dragon,archer
neon_golem5,warrior
neon_warden2,archer
neon_warden7,warrior
neonarcane,archer
neonarcane3,healer
neonarrow,archer
neonblade,archer
neoncrimson1,archer
neondark,mage
neondark4,warrior
neondark6,mage
neondragon,archer
neondragon9,tank
neonelectric,assassin
neonfalcon,archer
neonfalcon5,archer
neonfrozen,tank
neonfurious,warrior
neonfurious7,tank
neongolden,mage
neongolem,healer
neongolem3,archer
neonknight,mage
neonlucky0,healer
neonmystic674,tank
neonninja,mage
neonphoenix9,assassin
neonrapid9,tank
neonraven596,healer
neonreaper,mage
neonshadow2,tank
neonsilent,tank
neonsilver,assassin
neonsilver3,tank
neonsilver96,healer
neonspirit,archer
neonspirit9,healer
neonstorm,healer
neonstorm3,warrior
neontiger4,tank
neonviper1,warrior
neonwarden,healer
neonwizard,assassin
ninja,warrior
ninja-ancient,mage
ninja-cosmic,mage
ninja-mystic74,tank
ninja-shadow,archer
ninja-silent,healer
ninja.brave,archer
ninja.falcon,tank
ninja.iron59,warrior
ninja.neon,archer
ninja.ninja,assassin
ninja.wizard,healer
ninja0,assassin
ninja1,archer
ninja23,archer
ninja3,mage
ninja4,tank
ninja5,healer
ninja6,tank
ninja65,tank
ninja7,assassin
ninja71,assassin
ninja73,tank
ninja8,assassin
ninja9,warrior
ninja95,mage
ninja980,healer
ninja99,mage
ninja_cosmic,healer
ninja_frozen,archer
ninja_golem,mage
ninja_mystic,healer
ninja_ninja,warrior
ninja_wolf,tank
ninjaancient3,assassin
ninjaancient59,tank
ninjablade,warrior
ninjablade8,warrior
ninjadark6,warrior
ninjadragon,assassin
ninjafrozen,assassin
ninjafrozen36,warrior
ninjafurious1,warrior
ninjagolden1,healer
ninjagolem,archer
ninjagolem9,tank
ninjahunter,tank
ninjairon,warrior
ninjairon1,assassin
ninjairon75,archer
ninjamystic,tank
ninjamystic15,mage
ninjaneon,healer
ninjaneon8,tank
ninjaninja,warrior
ninjaphoenix33äöü,archer
ninjareaper,mage
ninjashadow,tank
ninjashadow40,warrior
ninjasilver,warrior
ninjasilver32,tank
ninjastealth3,assassin
ninjatiger  äöü,mage
ninjawizard35,mage
ninjaäöü,tank
phoenix,archer
phoenix   ##,healer
phoenix-ancien,assassin
phoenix-arcane!!,assassin
phoenix-ghost,tank
phoenix-golden,mage
phoenix-ninja5,healer
phoenix-raven,assassin
phoenix-silver,tank
phoenix-warden,assassin
phoenix-wizard,mage
phoenix.ghost8!!,healer
phoenix.ghost9,healer
phoenix.knight,warrior
phoenix.raven4,mage
phoenix.warden,assassin
phoenix.wild,warrior
phoenix1,archer
phoenix14,mage
phoenix2 ##,warrior
phoenix3,healer
phoenix338,archer
phoenix4,tank
phoenix45,warrior
phoenix47,assassin
phoenix52,healer
phoenix6,archer
phoenix7,archer
phoenix76,mage
phoenix78,mage
phoenix8,warrior
phoenix87äöü,warrior
phoenix9,warrior
phoenix_crimso,warrior
phoenix_neon28,mage
phoenix_stealt,archer
phoenix_tiger,warrior
phoenixancient,healer
phoenixarcane8   !!,warrior
phoenixarrow,mage
phoenixblade,warrior
phoenixblade3,mage
phoenixbrave,healer
phoenixbrave1,tank
phoenixcrimson,tank
phoenixdark5,archer
phoenixelectri ##,tank
phoenixfalcon5,tank
phoenixfurious,mage
phoenixgolden5,assassin
phoenixhunter6,archer
phoenixiron,archer
phoenixknight,mage
phoenixknight4,mage
phoenixknight8,healer
phoenixmystic9,archer
phoenixneon,archer
phoenixneon5,warrior
phoenixrapid,archer
phoenixsamurai,mage
phoenixsilver,healer
phoenixstealth,archer
phoenixtiger9,assassin
phoenixwild,mage
rapid,archer
rapid-cosmic,warrior
rapid-electric,mage
rapid-frozen,assassin
rapid-golem6,tank
rapid-lucky,archer
rapid-neon6,archer
rapid-silent5,mage
rapid-storm,mage
rapid-wizard1,assassin
rapid-wolf3,tank
rapid.falcon,assassin
rapid.mystic,healer
rapid.rapid,assassin
rapid.shadow,assassin
rapid1,warrior
rapid11,warrior
rapid14,archer
rapid180,assassin
rapid2,assassin
rapid3,mage
rapid393,archer
rapid4,healer
rapid4!!,tank
rapid41,tank
rapid43,archer
rapid5,mage
rapid53,healer
rapid54,tank
rapid6,healer
"rapid66
!!",tank
rapid7,assassin
rapid79,assassin
rapid8,tank
rapid81,tank
rapid838,warrior
rapid86,tank
rapid9,archer
rapid907 ##,mage
rapid_dark5,warrior
rapid_electric,archer
rapid_ghost0,warrior
rapid_golden,tank
rapid_phoenix,mage
rapid_reaper,healer
rapid_reaper76,healer
rapid_stealth6,warrior
rapidancient,assassin
rapidancient74,mage
rapidarcane,archer
rapidarcane8,assassin
rapidarcane973,tank
rapidarrow961,archer
rapidblade85,mage
rapidbrave3 ##,healer
rapidbrave45,mage
rapidbrave5,tank
rapidcrimson,assassin
rapidcrimson7,mage
rapiddark,warrior
rapidelectric4,healer
rapidfalcon96,assassin
rapidfurious5,tank
rapidghost,tank
rapidgolem8,healer
rapidiron1,mage
rapidiron411,tank
rapidknight252,archer
rapidlucky,mage
rapidlucky2,warrior
rapidlucky9,healer
rapidmystic,warrior
rapidneon,mage
rapidphoenix,assassin
rapidphoenix27,tank
rapidrapid,assassin
rapidshadow,archer
rapidshadow25,archer
rapidshadow526,assassin
rapidshadow6,assassin
rapidsilent,archer
rapidsilver,assassin
rapidsilver4,archer
rapidspirit86,assassin
rapidstorm6,mage
rapidtiger2,healer
rapidviper6,archer
rapidwizard642,assassin
rapidwizard94,archer
rapidwolf,tank
rapidwolf3,assassin
rapidwolf7,tank
rapidwolf8,tank
raven,mage
raven  äöü,healer
raven ##,assassin
raven-brave,mage
raven-ghost,mage
raven-lucky31,assassin
raven-viper735,healer
raven.brave,assassin
raven.golem7,mage
raven.iron,healer
raven.knight,tank
raven.lucky1,healer
raven.storm43,mage
raven0,mage
raven1,tank
raven2,warrior
raven249,archer
raven3,archer
raven4,warrior
raven5,mage
raven557,mage
raven56,archer
raven6,archer
raven8,assassin
raven841!!,mage
raven853,tank
raven9,archer
raven_spirit3,warrior
raven_spirit9,healer
raven_wizard,assassin
ravenancient,warrior
ravenancient0,archer
ravenarcane,archer
ravenarcane0,archer
ravenarrow468,archer
ravenblade4,healer
ravencosmic,mage
ravencrimson,mage
ravencrimson57,tank
ravendark560,archer
ravendragon8,assassin
ravenelectric0,healer
ravenelectric6,tank
ravenelectric7,assassin
ravenfurious,mage
ravenghost,warrior
ravenghost1,tank
ravengolden,healer
ravengolden1,healer
ravengolem5,assassin
raveniron2,assassin
ravenknight964,mage
ravenlucky,warrior
ravenmystic4!!,assassin
ravenneon,warrior
ravenrapid8,assassin
ravenreaper6,warrior
ravensilent,mage
ravensilver,mage
ravenspirit,warrior
ravenstealth2,healer
ravenstorm5,assassin
ravenwarden,tank
ravenwarden0,tank
ravenwizard2,assassin
ravenwizard284,assassin
reaper,warrior
reaper-arcane,assassin
reaper-dark,archer
reaper-electri,mage
reaper-falcon,archer
reaper-frozen,assassin
reaper-golden1,archer
reaper-mystic,archer
reaper-raven77,healer
reaper-reaper0,tank
reaper-shadow,mage
reaper-wolf,healer
reaper.frozen3,tank
reaper.golem,tank
reaper.iron9,mage
reaper0,assassin
reaper1,mage
reaper2,healer
reaper20,warrior
reaper3,mage
reaper307,mage
reaper4,mage
reaper42,archer
reaper5,assassin
reaper613,warrior
reaper65,tank
reaper7,assassin
reaper72,tank
reaper8,healer
reaper81,tank
reaper9,assassin
reaper96,warrior
reaper98,tank
reaper_blade,archer
reaper_blade3,warrior
reaper_cosmic,healer
reaper_furious,healer
reaper_ghost,warrior
reaper_ghost21,tank
reaper_phoenix,healer
reaper_rapid0,healer
reaper_reaper2,warrior
reaper_reaper9,archer
reaper_silent3,archer
reaper_wolf,tank
reaperancient,assassin
reaperblade98,mage
reapercosmic64,assassin
reapercrimson,healer
reaperdark2,tank
reaperdragon1,warrior
reaperfalcon97,healer
reaperfrozen5,mage
reaperghost0,archer
reaperghost1,archer
reapergolden,archer
reapergolem,warrior
reaperiron,healer
reaperiron65 ##,warrior
reaperknight,healer
reaperlucky,warrior
reaperlucky4,mage
reapermystic,healer
reapermystic74,warrior
reaperneon,tank
reaperreaper,warrior
reaperreaper8,archer
reapersamurai9,tank
reapersilver,tank
reaperstorm832,assassin
reapertiger,healer
reaperviper6,assassin
reaperwarden6,archer
reaperwild,mage
samurai,healer
samurai-arrow2,warrior
samurai-cosmic,tank
samurai-golden,mage
samurai-golem,healer
samurai-raven,tank
samurai.dark,tank
samurai.wild,warrior
samurai0,mage
samurai1,tank
samurai2,warrior
samurai2!!,archer
samurai21,warrior
samurai290,tank
samurai3,archer
samurai34,warrior
samurai4,archer
samurai46,archer
samurai5,archer
samurai59,archer
samurai6,healer
samurai67,tank
samurai8,healer
samurai95,tank
samurai_brave2,healer
samurai_darkäöü,warrior
samurai_iron,warrior
samurai_silver,archer
samurai_storm0,warrior
samurai_warden,assassin
samuraiancient,assassin
samuraiarcane,mage
samuraicosmic,tank
samuraidark,mage
samuraigolem96,tank
samuraihunter,healer
samuraiiron2,tank
samuraiknight3,warrior
samuraimystic,archer
samuraimystic4   ##,tank
samuraineon27,healer
samuraininja,archer
samuraininja34,archer
samuraininja5 ##,assassin
samurairapid8,healer
samuraireaper4,archer
samuraisamurai,tank
samuraisilent,warrior
samuraisilent3,warrior
samuraitiger70,mage
samuraiviper,healer
samuraiwild3,mage
samuraiwolf99,mage
shadow,mage
shadow ##,archer
shadow-frozen,assassin
shadow-lucky ##,warrior
shadow-silent7,healer
shadow.ancient,tank
shadow.brave,archer
shadow.furious,archer
shadow.rapid,archer
shadow.silent6,mage
shadow.stealth,warrior
shadow.storm,mage
shadow.warden,mage
shadow0,warrior
shadow1,tank
shadow2,assassin
shadow3,healer
shadow35,warrior
shadow36,warrior
shadow362,archer
shadow4,assassin
shadow47,tank
shadow5,assassin
shadow6,archer
shadow64,mage
shadow65,archer
shadow7,healer
shadow7	 ##,healer
shadow70,archer
shadow8,mage
shadow83,warrior
shadow8äöü,warrior
shadow9,assassin
shadow94,healer
shadow_blade,warrior
shadow_crimson,archer
shadow_electri,warrior
shadow_golden8,healer
shadow_mystic,tank
shadow_shadow0,warrior
shadow_wild,archer
shadowancient,archer
shadowancient0,warrior
shadowarrow,assassin
shadowarrow1,tank
shadowblade,archer
shadowbrave,assassin
shadowcrimson,archer
shadowdark,assassin
shadowdark5,archer
shadowelectric,archer
shadowfalcon,assassin
shadowfurious,healer
shadowgolem,mage
shadowiron,warrior
shadowlucky,healer
shadowlucky405,assassin
shadowmystic,assassin
shadowmystic8äöü,mage
shadowneon,assassin
shadowphoenix6,archer
shadowrapid651,healer
shadowraven,mage
shadowraven9,tank
shadowsamurai,tank
shadowsamurai7,warrior
shadowshadow,archer
shadowshadow0,archer
shadowsilver4,mage
shadowspirit0,assassin
shadowspirit7äöü,healer
shadowstealth,assassin
shadowstealth6,healer
shadowstorm4 ##,tank
shadowstorm5,assassin
shadowstorm9,tank
shadowviper,healer
shadowwolf,archer
shadowwolf97,warrior
silent,mage
silent!!,tank
silent-dark,warrior
silent-frozen5,mage
silent-iron642,archer
silent-neon,warrior
silent-raven6,healer
silent-stealth,archer
silent.ancient,assassin
silent.brave,warrior
silent.dark3,tank
silent.falcon3,healer
silent.iron,tank
silent.lucky,tank
silent.silver,archer
silent.wild2,healer
silent0,mage
silent0 ##,archer
silent1,warrior
silent12,mage
silent160,archer
silent2,assassin
silent20,tank
silent251,healer
silent3,healer
silent338,tank
silent4,mage
silent5,assassin
silent528,warrior
silent563,assassin
silent565,archer
silent6,warrior
silent622,archer
silent63,assassin
silent64,mage
silent7,healer
silent8,warrior
silent97,mage
silent976,assassin
silent_electri,mage
silent_shadow,healer
silent_storm81,healer
silent_wizard,healer
silentancient,archer
silentancient5,tank
silentancient6,tank
silentarcane,healer
silentarcane3,warrior
silentarrow,tank
"silentblade856
äöü",mage
silentbrave,archer
silentbrave1,healer
silentcrimson,assassin
silentcrimson4,tank
silentdragon,archer
silentdragon1,tank
silentdragon2,tank
silentelectric,healer
silentfalcon,tank
silentfalcon14,healer
silentfrozen10 ##,tank
silentfurious,archer
silentfurious2,tank
silentfurious3,warrior
silentfurious7,tank
silentgolden,mage
silentgolem8!!,assassin
silenthunter,tank
silenthunter35,tank
silenthunter54,warrior
silentiron1,mage
silentiron9,tank
silentknight,mage
silentmystic,tank
silentmystic2,mage
silentneon,archer
silentneon6,tank
silentneon8,assassin
silentrapid,healer
silentraven47,healer
silentreaper5,mage
silentshadow,healer
silentshadow80,warrior
silentsilent0,mage
silentsilver,warrior
silentsilver7,assassin
silentstealth,assassin
silentstorm6,tank
silentviper9,healer
silentwarden,warrior
silentwild,warrior
silentwizard,tank
silentwizard5,assassin
silentwolf,warrior
silver,tank
silver!!,tank
silver-dragon3,assassin
silver-dragonäöü,warrior
silver-electri,tank
silver-frozen6,assassin
silver-furious,healer
silver-ghost,archer
silver-lucky26,tank
silver-reaper,tank
silver-spirit,archer
silver-viper,assassin
silver.blade8,tank
silver.brave,assassin
silver.cosmic9,tank
silver.electri,mage
silver.lucky1,tank
silver.phoenix,archer
silver.storm17,assassin
silver.storm76,healer
silver.wolf,mage
silver0,tank
silver1,healer
silver10,tank
silver12,assassin
silver127,mage
silver15,mage
silver17,mage
silver2,tank
silver3,healer
silver345,assassin
silver39,assassin
silver4,archer
silver4!!,warrior
silver472,mage
silver5,assassin
silver51,tank
silver53,mage
silver6,archer
silver61,archer
silver657,mage
silver7,healer
silver73,mage
silver74,warrior
silver8,assassin
silver88,warrior
silver9,archer
silver_ancient,healer
silver_arcane5,healer
silver_brave89,mage
silver_electri,archer
silver_hunter6,tank
silver_iron658,archer
silver_mystic9,healer
silver_ninja,archer
silver_stealth,assassin
silver_wolf2,warrior
silverancient,mage
silverarcane,assassin
silverarrow5,warrior
silverblade,archer
silverbrave,archer
silverbrave2,warrior
silverbrave3,archer
silvercrimson,warrior
silvercrimson6,tank
silverdark,assassin
silverdark4,healer
silverdragon,tank
silverdragon5,healer
silverelectric,mage
silverfalcon,archer
silverfalcon6,archer
silverfrozen,warrior
silverfurious,mage
silverghost,assassin
silvergolden,healer
silveriron,assassin
silverknight,archer
silverlucky,healer
silverlucky0,tank
silvermystic,warrior
silverneon,tank
silverninja,warrior
silverreaper1,healer
silversamurai3,warrior
silvershadow79,mage
silversilent,mage
silversilent3,tank
silversilver,assassin
silversilver34,tank
silversilver88,archer
silverspirit1,tank
silverstealth4,tank
silverstorm799,archer
silverwarden6,archer
silverwarden98,warrior
silverwild219,tank
silverwild914,healer
silverwolf,healer
spirit,healer
spirit   !!,warrior
spirit-frozen,archer
spirit-ghost17,archer
spirit-hunter5,assassin
spirit-iron5,archer
spirit-knight,mage
spirit-ninja,healer
spirit-wolf3,healer
spirit.frozen,mage
spirit.stealthäöü,healer
spirit0,healer
spirit1,assassin
spirit11,tank
spirit2,archer
spirit23,tank
spirit3,tank
spirit49,archer
spirit5,archer
spirit50,warrior
spirit52,healer
spirit6,tank
spirit60,healer
spirit61,assassin
spirit7,mage
spirit8,healer
spirit89,mage
spirit9,warrior
spirit92!!,healer
spirit_silver,tank
spirit_silver9,healer
spirit_storm,tank
spiritarrow844,mage
spiritblade,assassin
spiritblade8   ##,archer
spiritcosmic,assassin
spiritcosmic0,tank
spiritcrimson,assassin
spiritdark,tank
spiritdark77,assassin
spiritdragon,healer
spiritdragon69,archer
spiritelectric,mage
spiritfalcon,archer
spiritfalcon3,assassin
spiritfrozen,tank
spiritfrozen8,warrior
spiritfurious,assassin
spiritfurious3,archer
spiritfurious5,assassin
spiritghost80,warrior
spiritgolem,tank
spirithunter,warrior
spiritlucky14,warrior
spiritmystic,warrior
spiritmystic9,healer
spiritneon,assassin
spiritneon9,archer
spiritphoenix,assassin
spiritrapid437,tank
spiritraven,archer
spiritshadow,warrior
spiritsilent1,tank
spiritsilent6,tank
spiritsilver,tank
spiritspirit,healer
spiritstorm,healer
spiritviper,warrior
spiritwarden4,assassin
spiritwizard4,mage
spiritwolf,archer
spiritwolf1,assassin
stealth,tank
stealth!!,mage
stealth-frozen,archer
stealth-golden,archer
stealth-hunter,warrior
stealth-ironäöü,assassin
stealth-knight,mage
stealth-mystic,tank
stealth-neon,mage
stealth-shadow,mage
stealth-viper,archer
stealth.ancien,archer
stealth.arrow,mage
stealth.cosmic,tank
stealth.dark,warrior
stealth.electr,assassin
stealth.lucky1,mage
stealth.ninja,archer
stealth.reaper,warrior
stealth.spirit,archer
stealth.tiger5,archer
stealth0,warrior
stealth1,mage
stealth2,tank
stealth31,warrior
stealth38,archer
stealth4,archer
stealth40,tank
stealth46,tank
stealth5,assassin
stealth6,tank
stealth7,healer
stealth_arcane,assassin
stealth_arrow,archer
stealth_brave3,archer
stealth_brave8,archer
stealth_dragon,tank
stealth_electr,tank
stealth_silent,warrior
stealth_storm,warrior
stealthancient,tank
stealtharcane,warrior
stealtharcane ##,healer
stealtharcane0,tank
stealthblade,warrior
stealthblade93,healer
stealthcrimson,warrior
stealthdark,healer
stealthdark277,healer
stealthdark5,archer
stealthdragon4,archer
stealthelectri,tank
stealthfalcon4,warrior
stealthfrozen,mage
stealthfrozen7,assassin
stealthfurious,tank
stealthghost,archer
stealthgolden,assassin
stealthgolden7,mage
stealthiron9,tank
stealthknight,tank
stealthknight8,warrior
stealthlucky,assassin
stealthlucky5,healer
stealthneon,archer
stealthphoenix,archer
stealthreaper,warrior
stealthsamurai,healer
stealthshadow,assassin
stealthsilent,assassin
stealthsilver,tank
stealthspirit5!!,archer
stealthstealth,assassin
stealthwarden,assassin
stealthwarden6,warrior
stealthwild,mage
stealthwolf,tank
storm,archer
storm-electric,mage
storm-mystic10,mage
storm-stealth5,mage
storm-wolf,archer
storm.golem1,mage
storm.hunter,warrior
storm.samurai,assassin
storm0,warrior
storm1,healer
storm12,mage
storm17,assassin
storm2,mage
storm2 ##,mage
storm268,healer
storm3,archer
storm4,healer
storm41,assassin
storm46,tank
storm5,archer
storm553,tank
storm7,archer
storm8,archer
storm837,tank
storm877,archer
storm9,tank
storm_cosmic35,assassin
storm_cosmic9,tank
storm_samurai7,archer
storm_wolf80,mage
stormancient,assassin
stormancient1,assassin
stormarcane8,mage
stormarrow94,assassin
stormbrave,assassin
stormcosmic2,mage
stormcosmic35,tank
stormcrimson,healer
stormelectric,healer
stormfalcon,tank
stormfalcon995,tank
stormfrozen,warrior
stormfrozen6,archer
stormgolem,warrior
stormhunter3,tank
stormiron,warrior
stormphoenix42,assassin
stormrapid,assassin
stormrapidäöü,tank
stormraven1,assassin
stormshadow169,mage
stormsilent5,healer
stormsilent99,tank
stormsilver0,tank
stormspirit,warrior
stormspirit2,warrior
stormstealth0,mage
stormstorm,archer
stormwarden,assassin
stormwild,healer
stormwild1,mage
stormwizard,archer
stormwizard193,tank
stormwizard790,mage
stormwolf32,healer
tiger,warrior
tiger-cosmic,archer
tiger-neon,archer
tiger-shadow,mage
tiger-viper,mage
tiger-warden0,assassin
tiger.iron0,tank
tiger.lucky4,assassin
tiger.rapid7,tank
tiger.storm,archer
tiger.warden,mage
tiger0,archer
tiger1,archer
tiger11,healer
tiger144,warrior
tiger2,mage
tiger25,healer
tiger3,warrior
tiger4,tank
tiger541,healer
tiger5äöü,warrior
tiger6,tank
tiger67,archer
tiger758,healer
tiger8,tank
tiger82,assassin
tiger9,healer
tiger9 ##,assassin
tiger_blade,warrior
tiger_cosmic8,healer
tiger_shadow,mage
tiger_silent,archer
tiger_silent1,tank
tigerancient8,warrior
tigerarcane,tank
tigerarcane2,warrior
tigerarrow,mage
tigerdark4,mage
tigerfrozen,archer
tigerfurious0,archer
tigerghost,warrior
tigergolden7,warrior
tigerhunter,healer
tigeriron85,mage
tigerknight8,tank
tigerneon,mage
tigerneon251,warrior
tigerninja!!,healer
tigerphoenix5,mage
tigerrapid,healer
tigerreaper4,assassin
tigershadow,warrior
tigersilver,healer
tigerspirit7,assassin
tigerstealth90,healer
tigertiger34,assassin
tigerwarden,healer
tigerwild,tank
viper,archer
viper-dark,warrior
viper-golden41,mage
viper-rapid,warrior
viper-storm8	 ##,tank
viper.arrow5,tank
viper.dragon,tank
viper.dragon2,assassin
viper.lucky,archer
viper.reaper7,assassin
viper.storm,tank
viper0,mage
viper1,archer
viper13,assassin
viper2,archer
viper3,mage
viper32,tank
viper4,archer
viper41,warrior
viper465,healer
viper6,assassin
viper659,healer
viper66,warrior
viper7!!,tank
viper77,archer
viper78,assassin
viper795,healer
viper8,warrior
viper85,warrior
viper9,tank
viper_ancient,tank
viper_frozen7,tank
viper_hunter60,assassin
viperancient,healer
viperancient3,assassin
viperancient60,archer
viperarcane,assassin
viperarcane8,mage
viperarcane9,tank
viperarrow,healer
viperblade7,archer
viperbrave2,archer
vipercrimson,assassin
vipercrimson1,warrior
viperdark,warrior
viperdark4,healer
viperdark5,warrior
viperfrozen4,assassin
viperfurious6,mage
viperhunter,healer
viperiron,warrior
viperiron3,archer
viperlucky,warrior
viperlucky4,assassin
viperneon4,archer
viperninja52,mage
viperrapid,mage
viperrapid5!!,healer
vipershadow,mage
vipersilent ##,assassin
vipersilent1,warrior
vipersilver,mage
vipersilver24,archer
viperspirit63,tank
viperviper4,tank
viperwizard0,assassin
viperwolf50,warrior
viperwolf7,warrior
warden,assassin
warden ##,warrior
warden!!,healer
warden-frozen6,tank
warden-golem5,archer
warden-ninja,archer
warden-rapid6,healer
warden-reaper,healer
warden-wild,assassin
warden-wolf0,mage
warden.golem6,healer
warden.stealth,mage
warden.viper,tank
warden0,tank
warden1,warrior
warden2,mage
warden3,tank
warden39,tank
warden43,healer
warden5,mage
warden53,assassin
warden6,archer
warden7,warrior
warden8,healer
warden84,tank
warden87,mage
warden90,tank
warden92,mage
warden94,mage
warden_ancient,mage
warden_blade,warrior
warden_dark,assassin
warden_hunter7,tank
warden_shadow9,healer
warden_viper2äöü,mage
wardenancient3,healer
wardenarcane,mage
wardenblade,archer
wardenbrave,archer
wardencosmic,assassin
wardencrimson,healer
wardencrimson8,tank
wardendark,healer
wardenelectric,archer
wardenfrozen9,mage
wardenghost8,assassin
wardengolden,assassin
wardengolden1,warrior
wardengolem,archer
wardenhunter,warrior
wardeniron1,warrior
wardenknight8,warrior
wardenknight93,mage
wardenlucky,assassin
wardenlucky7,healer
wardenlucky8äöü,assassin
wardenninja,warrior
wardenninja1,tank
wardenninja2,assassin
wardenphoenix4,archer
wardenreaper,archer
wardensilver,archer
wardenstealth6,healer
wardentiger656,healer
wardenwizard,healer
wardenwizard3,healer
wardenwizard64,tank
wardenwolf61,tank
wardenwolf7,warrior
wild,archer
wild-brave8,warrior
wild-cosmic9,archer
wild-electric,tank
wild-electric1,mage
wild-frozen,mage
wild-golden3,archer
wild-raven68,tank
wild-wizard4,healer
wild.ancient3,mage
wild.falcon1,assassin
wild.iron17,archer
wild.mystic7,mage
wild.ninja4,tank
wild.silent äöü,archer
wild.storm81,mage
wild.viper,mage
wild0,warrior
wild0äöü,tank
wild1,mage
wild2,assassin
wild2 ##,archer
wild25,archer
wild3,healer
wild4,mage
wild467,healer
wild469,warrior
wild5,archer
wild6,archer
wild68,healer
wild7,archer
wild701,archer
wild8,tank
wild82,warrior
wild9,archer
wild_cosmic,tank
wild_falcon,warrior
wild_hunter9 ##,mage
wild_neon8,archer
wild_wild,healer
wild_wild9,warrior
wildarcane0,archer
wildarcane5,assassin
wildarrow,assassin
wildarrow80,archer
wildblade0,healer
wildbrave858,mage
wildcosmic4,healer
wildcrimson,archer
wildcrimson5,warrior
wilddark,healer
wilddark2,assassin
wilddark6,healer
wildelectric,tank
wildelectric6,tank
wildfalcon,assassin
wildfrozen9,tank
wildfurious,archer
wildfurious7,tank
wildgolden946,mage
wildgolem,mage
wildlucky,archer
wildlucky5,healer
wildmystic,mage
wildmystic6,mage
wildneon,archer
wildninja2,warrior
wildphoenix7,mage
wildrapid,mage
wildrapid1,mage
wildrapid7,assassin
wildraven,mage
wildraven0,healer
wildraven230,mage
wildreaper,tank
wildsamurai9,tank
wildshadow,warrior
wildshadow12,warrior
wildsilent1,healer
wildsilent6,healer
wildsilver3,healer
wildsilver5,archer
wildsilver61,assassin
wildspirit,assassin
wildstorm0,assassin
wildtiger,tank
wildtiger91,mage
wildwizard,mage
wildwizard77,assassin
wildwolf,archer
wizard,healer
wizard ##,archer
wizard!!,healer
wizard-brave,tank
wizard-electri,tank
wizard-golden1,healer
wizard-knight4,mage
wizard-lucky,tank
wizard-spirit,archer
wizard-wizard8,assassin
wizard.blade,archer
wizard.cosmic5,healer
wizard.lucky9,tank
wizard.reaper,mage
wizard0,assassin
wizard2,tank
wizard22,archer
wizard3,warrior
wizard4,tank
wizard5,assassin
wizard6,archer
wizard7,mage
wizard76,healer
wizard8,healer
wizard9,assassin
wizard_brave,archer
wizard_frozen,assassin
wizard_furious,mage
wizard_spirit,mage
wizard_stealth,warrior
wizard_wizard9,archer
wizardancient0,tank
wizardancient6,healer
wizardancient7,mage
wizardarrow9,assassin
wizardbrave,warrior
wizardbrave95,warrior
wizardcosmic,mage
wizardcrimson5,warrior
wizardcrimson9,archer
wizarddragon,archer
wizardelectric,warrior
wizardfrozen7,warrior
wizardfrozen86,healer
wizardghost9,warrior
wizardgolden,mage
wizardgolem,archer
wizardknight,assassin
wizardmystic,mage
wizardrapid5,archer
wizardraven47,healer
wizardreaper,tank
wizardshadow,tank
wizardsilver,archer
wizardstorm,assassin
wizardtiger!!,mage
wizardtiger811,tank
wizardviper68,mage
wizardwarden2,healer
wizardwarden6,mage
wizardwild,archer
wizardwizard,tank
wizardwizard0,tank
wizardwizard1,tank
wizardwizard6,assassin
wolf,mage
wolf ##,archer
wolf!!,tank
wolf-crimson86,mage
wolf-furious1,tank
wolf-golem4,healer
wolf-hunter,warrior
wolf-phoenix,tank
wolf-rapid9,mage
wolf-silver97,archer
wolf-wolf,archer
wolf.frozen,assassin
wolf.furious,tank
wolf.furious7,tank
wolf.wolf5,archer
wolf0,healer
wolf1,healer
wolf2,warrior
wolf20,archer
wolf28,warrior
wolf37,healer
wolf4,tank
wolf41,healer
wolf451,assassin
wolf5,healer
wolf54,tank
wolf58,mage
wolf603,healer
wolf62,tank
wolf72,tank
wolf8,mage
wolf825,mage
wolf85  !!,archer
wolf9,tank
wolf915,archer
wolf98,healer
wolf_ancient,warrior
wolf_knight,archer
wolf_neon5,archer
wolf_silver,tank
wolf_stealth2,mage
wolfancient,healer
wolfarrow,warrior
wolfcosmic,assassin
wolfcosmic1,tank
wolfcrimson,mage
wolfdark,tank
wolfdark78,warrior
wolfelectric5,tank
wolffrozen,archer
wolffurious1,healer
wolfgolden,assassin
wolfgolden6,assassin
wolfiron4,mage
wolfiron47,archer
wolfknight,archer
wolflucky1,tank
wolflucky44,assassin
wolfmystic1,archer
wolfneon2,warrior
wolfninja,archer
wolfninja3 ##,healer
wolfphoenix5,warrior
wolfrapid4,mage
wolfraven,healer
wolfsamurai,tank
wolfshadow57,healer
wolfsilent8,mage
wolfsilver,healer
wolfstealth,archer
wolfviper,mage
wolfviper6,tank
wolfwarden,warrior
wolfwild,warrior
wolfwild8,archer
wolfwolf,healer
